id,name,district,submarket,submarketSource,address,propertyType,publicBuildingType,buildingForm,buildingFormStatus,buildingFormSource,builtYear,builtYearSource,unitPrice,unitPriceSource,priceType,sellCount,source,sourceName,detailStatus
"gotohui-69206","奥体清荷园","建邺","奥体","公开地址归并板块","建邺奥体","住宅","板塔结合","","公开源未提供洋房/小高层/高层等住宅形态，标记为待补充","","","","27578","聚汇数据小区详情页挂牌均价","聚汇数据小区详情页挂牌均价","0","https://m.gotohui.com/xiaoqu/69206","聚汇数据建邺区小区房价列表 + 聚汇数据小区详情页","已抓取"
"gotohui-1625889","宝色钛业家属楼","建邺","","","","普通住宅","","","公开源未提供洋房/小高层/高层等住宅形态，标记为待补充","","2010","聚汇数据小区详情页建筑年代","38399","聚汇数据小区详情页挂牌均价","聚汇数据小区详情页挂牌均价","0","https://m.gotohui.com/xiaoqu/1625889","聚汇数据建邺区小区房价列表 + 聚汇数据小区详情页","已抓取"
"gotohui-1625875","保利二十四院别墅","建邺","","","","普通住宅","","","公开源未提供洋房/小高层/高层等住宅形态，标记为待补充","","2016","聚汇数据小区详情页建筑年代","49588","聚汇数据小区详情页挂牌均价","聚汇数据小区详情页挂牌均价","0","https://m.gotohui.com/xiaoqu/1625875","聚汇数据建邺区小区房价列表 + 聚汇数据小区详情页","已抓取"
"gotohui-251059","保利天悦","建邺","","","","小区","","","公开源未提供洋房/小高层/高层等住宅形态，标记为待补充","","","","","","暂无公开均价","0","https://m.gotohui.com/xiaoqu/251059","聚汇数据建邺区小区房价列表 + 聚汇数据小区详情页","已抓取"
"gotohui-715523","保利天悦项目","建邺","","","建邺河西","住宅","板塔结合","","公开源未提供洋房/小高层/高层等住宅形态，标记为待补充","","2017","聚汇数据小区详情页建筑年代","66136","聚汇数据小区详情页挂牌均价","聚汇数据小区详情页挂牌均价","0","https://m.gotohui.com/xiaoqu/715523","聚汇数据建邺区小区房价列表 + 聚汇数据小区详情页","已抓取"
"gotohui-69691","保利香槟国际","建邺","奥体","公开地址归并板块","建邺奥体","住宅","板塔结合","","公开源未提供洋房/小高层/高层等住宅形态，标记为待补充","","2013","聚汇数据小区详情页建筑年代","46938","聚汇数据小区详情页挂牌均价","聚汇数据小区详情页挂牌均价","0","https://m.gotohui.com/xiaoqu/69691","聚汇数据建邺区小区房价列表 + 聚汇数据小区详情页","已抓取"
"gotohui-71328","保利紫荆公馆","建邺","江心洲","公开地址归并板块","建邺江心洲","住宅","板楼","","公开源未提供洋房/小高层/高层等住宅形态，标记为待补充","","2015","聚汇数据小区详情页建筑年代","48855","聚汇数据小区详情页挂牌均价","聚汇数据小区详情页挂牌均价","0","https://m.gotohui.com/xiaoqu/71328","聚汇数据建邺区小区房价列表 + 聚汇数据小区详情页","已抓取"
"gotohui-1625892","保利紫荆公馆别墅","建邺","","","","普通住宅","","","公开源未提供洋房/小高层/高层等住宅形态，标记为待补充","","2016","聚汇数据小区详情页建筑年代","51270","聚汇数据小区详情页挂牌均价","聚汇数据小区详情页挂牌均价","0","https://m.gotohui.com/xiaoqu/1625892","聚汇数据建邺区小区房价列表 + 聚汇数据小区详情页","已抓取"
"gotohui-251119","北辰旭辉铂悦金陵","建邺","","","建邺河西","住宅","板楼","","公开源未提供洋房/小高层/高层等住宅形态，标记为待补充","","2017","聚汇数据小区详情页建筑年代","56543","聚汇数据小区详情页挂牌均价","聚汇数据小区详情页挂牌均价","0","https://m.gotohui.com/xiaoqu/251119","聚汇数据建邺区小区房价列表 + 聚汇数据小区详情页","已抓取"
"gotohui-70221","碧瑶花园二期","建邺","奥体","公开地址归并板块","建邺奥体","住宅","板楼","","公开源未提供洋房/小高层/高层等住宅形态，标记为待补充","","2017","聚汇数据小区详情页建筑年代","51134","聚汇数据小区详情页挂牌均价","聚汇数据小区详情页挂牌均价","0","https://m.gotohui.com/xiaoqu/70221","聚汇数据建邺区小区房价列表 + 聚汇数据小区详情页","已抓取"
"gotohui-69929","碧瑶花园一期","建邺","奥体","公开地址归并板块","建邺奥体","住宅","板塔结合","","公开源未提供洋房/小高层/高层等住宅形态，标记为待补充","","2012","聚汇数据小区详情页建筑年代","48243","聚汇数据小区详情页挂牌均价","聚汇数据小区详情页挂牌均价","0","https://m.gotohui.com/xiaoqu/69929","聚汇数据建邺区小区房价列表 + 聚汇数据小区详情页","已抓取"
"gotohui-70633","滨江壹号","建邺","奥体","公开地址归并板块","建邺奥体","住宅","板塔结合","","公开源未提供洋房/小高层/高层等住宅形态，标记为待补充","","2014","聚汇数据小区详情页建筑年代","52795","聚汇数据小区详情页挂牌均价","聚汇数据小区详情页挂牌均价","0","https://m.gotohui.com/xiaoqu/70633","聚汇数据建邺区小区房价列表 + 聚汇数据小区详情页","已抓取"
"gotohui-1626381","铂金时代公寓","建邺","","","","普通住宅","","","公开源未提供洋房/小高层/高层等住宅形态，标记为待补充","","2010","聚汇数据小区详情页建筑年代","35633","聚汇数据小区详情页挂牌均价","聚汇数据小区详情页挂牌均价","0","https://m.gotohui.com/xiaoqu/1626381","聚汇数据建邺区小区房价列表 + 聚汇数据小区详情页","已抓取"
"gotohui-327907","铂悦公寓","建邺","沙洲","公开地址归并板块","南京建邺区莲池路","住宅","高层","高层","公开详情页明确提供住宅形态字段","聚汇数据小区详情页建筑类型","2016","聚汇数据小区详情页建筑年代","14197","聚汇数据小区详情页挂牌均价","聚汇数据小区详情页挂牌均价","0","https://m.gotohui.com/xiaoqu/327907","聚汇数据建邺区小区房价列表 + 聚汇数据小区详情页","已抓取"
"gotohui-1486460","茶西里","建邺","水西门","公开地址归并板块","建邺水西门","住宅","板塔结合","","公开源未提供洋房/小高层/高层等住宅形态，标记为待补充","","","","33915","聚汇数据小区详情页挂牌均价","聚汇数据小区详情页挂牌均价","0","https://m.gotohui.com/xiaoqu/1486460","聚汇数据建邺区小区房价列表 + 聚汇数据小区详情页","已抓取"
"gotohui-1762350","宸光府","建邺","","","","普通住宅","","","公开源未提供洋房/小高层/高层等住宅形态，标记为待补充","","","","31537","聚汇数据小区详情页挂牌均价","聚汇数据小区详情页挂牌均价","0","https://m.gotohui.com/xiaoqu/1762350","聚汇数据建邺区小区房价列表 + 聚汇数据小区详情页","已抓取"
"gotohui-71990","丹桂园","建邺","兴隆","公开地址归并板块","建邺兴隆大街","住宅","板楼","","公开源未提供洋房/小高层/高层等住宅形态，标记为待补充","","2015","聚汇数据小区详情页建筑年代","55246","聚汇数据小区详情页挂牌均价","聚汇数据小区详情页挂牌均价","0","https://m.gotohui.com/xiaoqu/71990","聚汇数据建邺区小区房价列表 + 聚汇数据小区详情页","已抓取"
"gotohui-835774","德基世贸壹号","建邺","奥体","公开地址归并板块","建邺庐山路208号","酒店式公寓","","","公开源未提供洋房/小高层/高层等住宅形态，标记为待补充","","","","41937","聚汇数据小区详情页挂牌均价","聚汇数据小区详情页挂牌均价","0","https://m.gotohui.com/xiaoqu/835774","聚汇数据建邺区小区房价列表 + 聚汇数据小区详情页","已抓取"
"gotohui-1625071","电建洺悦府-建邺","建邺","","","","普通住宅","","","公开源未提供洋房/小高层/高层等住宅形态，标记为待补充","","2017","聚汇数据小区详情页建筑年代","49884","聚汇数据小区详情页挂牌均价","聚汇数据小区详情页挂牌均价","0","https://m.gotohui.com/xiaoqu/1625071","聚汇数据建邺区小区房价列表 + 聚汇数据小区详情页","已抓取"
"gotohui-1486379","东升沿一村","建邺","南湖","公开地址归并板块","建邺南湖","住宅","板塔结合","","公开源未提供洋房/小高层/高层等住宅形态，标记为待补充","","","","32553","聚汇数据小区详情页挂牌均价","聚汇数据小区详情页挂牌均价","0","https://m.gotohui.com/xiaoqu/1486379","聚汇数据建邺区小区房价列表 + 聚汇数据小区详情页","已抓取"
"gotohui-1626395","东原·印长江","建邺","","","","普通住宅","","","公开源未提供洋房/小高层/高层等住宅形态，标记为待补充","","","","69410","聚汇数据小区详情页挂牌均价","聚汇数据小区详情页挂牌均价","0","https://m.gotohui.com/xiaoqu/1626395","聚汇数据建邺区小区房价列表 + 聚汇数据小区详情页","已抓取"
"gotohui-1626957","翡翠名园","建邺","","","","普通住宅","","","公开源未提供洋房/小高层/高层等住宅形态，标记为待补充","","2013","聚汇数据小区详情页建筑年代","37117","聚汇数据小区详情页挂牌均价","聚汇数据小区详情页挂牌均价","0","https://m.gotohui.com/xiaoqu/1626957","聚汇数据建邺区小区房价列表 + 聚汇数据小区详情页","已抓取"
"gotohui-330473","凤凰和熙","建邺","","","","小区","","","公开源未提供洋房/小高层/高层等住宅形态，标记为待补充","","","","","","暂无公开均价","0","https://m.gotohui.com/xiaoqu/330473","聚汇数据建邺区小区房价列表 + 聚汇数据小区详情页","已抓取"
"gotohui-1625898","凤凰和熙二期星苑","建邺","","","","普通住宅","","","公开源未提供洋房/小高层/高层等住宅形态，标记为待补充","","","","53438","聚汇数据小区详情页挂牌均价","聚汇数据小区详情页挂牌均价","0","https://m.gotohui.com/xiaoqu/1625898","聚汇数据建邺区小区房价列表 + 聚汇数据小区详情页","已抓取"
"gotohui-1625897","凤凰和熙一期翔苑","建邺","","","","普通住宅","","","公开源未提供洋房/小高层/高层等住宅形态，标记为待补充","","","","51383","聚汇数据小区详情页挂牌均价","聚汇数据小区详情页挂牌均价","0","https://m.gotohui.com/xiaoqu/1625897","聚汇数据建邺区小区房价列表 + 聚汇数据小区详情页","已抓取"
"gotohui-1548669","葛洲坝南京中国府","建邺","河西南部","公开地址归并板块","建邺邺城路与友谊街交汇处","普通住宅","板楼","","公开源未提供洋房/小高层/高层等住宅形态，标记为待补充","","","","90044","聚汇数据小区详情页挂牌均价","聚汇数据小区详情页挂牌均价","0","https://m.gotohui.com/xiaoqu/1548669","聚汇数据建邺区小区房价列表 + 聚汇数据小区详情页","已抓取"
"gotohui-1484672","冠寓(河西大街店)","建邺","河西中部","公开地址归并板块","建邺万达广场","住宅","","","公开源未提供洋房/小高层/高层等住宅形态，标记为待补充","","","","25318","聚汇数据小区详情页挂牌均价","聚汇数据小区详情页挂牌均价","0","https://m.gotohui.com/xiaoqu/1484672","聚汇数据建邺区小区房价列表 + 聚汇数据小区详情页","已抓取"
"gotohui-1486694","海峡城云璟湾","建邺","奥体","公开地址归并板块","建邺奥南","住宅","","","公开源未提供洋房/小高层/高层等住宅形态，标记为待补充","","","","39319","聚汇数据小区详情页挂牌均价","聚汇数据小区详情页挂牌均价","0","https://m.gotohui.com/xiaoqu/1486694","聚汇数据建邺区小区房价列表 + 聚汇数据小区详情页","已抓取"
"gotohui-1486695","海峡城云珑湾","建邺","奥体","公开地址归并板块","建邺奥南","住宅","","","公开源未提供洋房/小高层/高层等住宅形态，标记为待补充","","","","37819","聚汇数据小区详情页挂牌均价","聚汇数据小区详情页挂牌均价","0","https://m.gotohui.com/xiaoqu/1486695","聚汇数据建邺区小区房价列表 + 聚汇数据小区详情页","已抓取"
"gotohui-1147335","海峡城云玺湾","建邺","奥体","公开地址归并板块","建邺奥南","住宅","","","公开源未提供洋房/小高层/高层等住宅形态，标记为待补充","","","","38919","聚汇数据小区详情页挂牌均价","聚汇数据小区详情页挂牌均价","0","https://m.gotohui.com/xiaoqu/1147335","聚汇数据建邺区小区房价列表 + 聚汇数据小区详情页","已抓取"
"gotohui-1484653","海苑华庭","建邺","应天西路","公开地址归并板块","建邺应天西路","住宅","板塔结合","","公开源未提供洋房/小高层/高层等住宅形态，标记为待补充","","","","29563","聚汇数据小区详情页挂牌均价","聚汇数据小区详情页挂牌均价","0","https://m.gotohui.com/xiaoqu/1484653","聚汇数据建邺区小区房价列表 + 聚汇数据小区详情页","已抓取"
"gotohui-1625879","海玥花园","建邺","","","","普通住宅","","","公开源未提供洋房/小高层/高层等住宅形态，标记为待补充","","","","63996","聚汇数据小区详情页挂牌均价","聚汇数据小区详情页挂牌均价","0","https://m.gotohui.com/xiaoqu/1625879","聚汇数据建邺区小区房价列表 + 聚汇数据小区详情页","已抓取"
"gotohui-70174","海玥名都","建邺","兴隆","公开地址归并板块","建邺兴隆大街","住宅","塔楼","","公开源未提供洋房/小高层/高层等住宅形态，标记为待补充","","2017","聚汇数据小区详情页建筑年代","70933","聚汇数据小区详情页挂牌均价","聚汇数据小区详情页挂牌均价","0","https://m.gotohui.com/xiaoqu/70174","聚汇数据建邺区小区房价列表 + 聚汇数据小区详情页","已抓取"
"gotohui-1625865","海玥名都苑","建邺","","","","普通住宅","","","公开源未提供洋房/小高层/高层等住宅形态，标记为待补充","","2017","聚汇数据小区详情页建筑年代","70956","聚汇数据小区详情页挂牌均价","聚汇数据小区详情页挂牌均价","0","https://m.gotohui.com/xiaoqu/1625865","聚汇数据建邺区小区房价列表 + 聚汇数据小区详情页","已抓取"
"gotohui-1484663","涵碧楼","建邺","水西门","公开地址归并板块","建邺汉中门大街与扬子江大道交汇处","购物中心","","","公开源未提供洋房/小高层/高层等住宅形态，标记为待补充","","","","","","暂无公开均价","0","https://m.gotohui.com/xiaoqu/1484663","聚汇数据建邺区小区房价列表 + 聚汇数据小区详情页","已抓取"
"gotohui-68780","和府奥园","建邺","奥体","公开地址归并板块","建邺奥体","住宅","板楼","","公开源未提供洋房/小高层/高层等住宅形态，标记为待补充","","2014","聚汇数据小区详情页建筑年代","43846","聚汇数据小区详情页挂牌均价","聚汇数据小区详情页挂牌均价","0","https://m.gotohui.com/xiaoqu/68780","聚汇数据建邺区小区房价列表 + 聚汇数据小区详情页","已抓取"
"gotohui-71474","和记黄埔涟城","建邺","应天西路","公开地址归并板块","建邺应天西路","住宅","板楼","","公开源未提供洋房/小高层/高层等住宅形态，标记为待补充","","2016","聚汇数据小区详情页建筑年代","48480","聚汇数据小区详情页挂牌均价","聚汇数据小区详情页挂牌均价","0","https://m.gotohui.com/xiaoqu/71474","聚汇数据建邺区小区房价列表 + 聚汇数据小区详情页","已抓取"
"gotohui-1484654","和熙臻苑","建邺","兴隆","公开地址归并板块","建邺兴隆大街","住宅","板塔结合","","公开源未提供洋房/小高层/高层等住宅形态，标记为待补充","","","","30210","聚汇数据小区详情页挂牌均价","聚汇数据小区详情页挂牌均价","0","https://m.gotohui.com/xiaoqu/1484654","聚汇数据建邺区小区房价列表 + 聚汇数据小区详情页","已抓取"
"gotohui-1626658","河西金茂府","建邺","","","","普通住宅","","","公开源未提供洋房/小高层/高层等住宅形态，标记为待补充","","","","59312","聚汇数据小区详情页挂牌均价","聚汇数据小区详情页挂牌均价","0","https://m.gotohui.com/xiaoqu/1626658","聚汇数据建邺区小区房价列表 + 聚汇数据小区详情页","已抓取"
"gotohui-1625307","恒山花苑","建邺","","","","普通住宅","","","公开源未提供洋房/小高层/高层等住宅形态，标记为待补充","","2012","聚汇数据小区详情页建筑年代","44530","聚汇数据小区详情页挂牌均价","聚汇数据小区详情页挂牌均价","0","https://m.gotohui.com/xiaoqu/1625307","聚汇数据建邺区小区房价列表 + 聚汇数据小区详情页","已抓取"
"gotohui-71224","宏图上水云锦","建邺","兴隆","公开地址归并板块","建邺云锦路与怡康路交汇处（兴隆大街地铁站旁）","普通住宅,酒店式公寓","板楼","","公开源未提供洋房/小高层/高层等住宅形态，标记为待补充","","","","64745","聚汇数据小区详情页挂牌均价","聚汇数据小区详情页挂牌均价","0","https://m.gotohui.com/xiaoqu/71224","聚汇数据建邺区小区房价列表 + 聚汇数据小区详情页","已抓取"
"gotohui-1626662","宏图上水云锦-公寓","建邺","","","","普通住宅","","","公开源未提供洋房/小高层/高层等住宅形态，标记为待补充","","","","32038","聚汇数据小区详情页挂牌均价","聚汇数据小区详情页挂牌均价","0","https://m.gotohui.com/xiaoqu/1626662","聚汇数据建邺区小区房价列表 + 聚汇数据小区详情页","已抓取"
"gotohui-1626388","宏图上水云锦花苑","建邺","","","","普通住宅","","","公开源未提供洋房/小高层/高层等住宅形态，标记为待补充","","","","29167","聚汇数据小区详情页挂牌均价","聚汇数据小区详情页挂牌均价","0","https://m.gotohui.com/xiaoqu/1626388","聚汇数据建邺区小区房价列表 + 聚汇数据小区详情页","已抓取"
"gotohui-1548671","华侨城欢乐滨江","建邺","河西南部","公开地址归并板块","建邺龙王大街与扬子江大道交汇处","普通住宅","板塔结合","","公开源未提供洋房/小高层/高层等住宅形态，标记为待补充","","","","","","暂无公开均价","0","https://m.gotohui.com/xiaoqu/1548671","聚汇数据建邺区小区房价列表 + 聚汇数据小区详情页","已抓取"
"gotohui-1484665","华侨城天鹅堡","建邺","河西南部","公开地址归并板块","建邺扬子江大道和吴侯街交汇处","普通住宅","板楼","","公开源未提供洋房/小高层/高层等住宅形态，标记为待补充","","","","53462","聚汇数据小区详情页挂牌均价","聚汇数据小区详情页挂牌均价","0","https://m.gotohui.com/xiaoqu/1484665","聚汇数据建邺区小区房价列表 + 聚汇数据小区详情页","已抓取"
"gotohui-1484650","华润新悦天地","建邺","","","建邺云锦路","住宅","板楼","","公开源未提供洋房/小高层/高层等住宅形态，标记为待补充","","2018","聚汇数据小区详情页建筑年代","43577","聚汇数据小区详情页挂牌均价","聚汇数据小区详情页挂牌均价","0","https://m.gotohui.com/xiaoqu/1484650","聚汇数据建邺区小区房价列表 + 聚汇数据小区详情页","已抓取"
"gotohui-68210","华润悦府","建邺","","","建邺云锦路","住宅","板塔结合","","公开源未提供洋房/小高层/高层等住宅形态，标记为待补充","","2016","聚汇数据小区详情页建筑年代","58096","聚汇数据小区详情页挂牌均价","聚汇数据小区详情页挂牌均价","0","https://m.gotohui.com/xiaoqu/68210","聚汇数据建邺区小区房价列表 + 聚汇数据小区详情页","已抓取"
"gotohui-1625328","华润阅府","建邺","","","","普通住宅","","","公开源未提供洋房/小高层/高层等住宅形态，标记为待补充","","","","55023","聚汇数据小区详情页挂牌均价","聚汇数据小区详情页挂牌均价","0","https://m.gotohui.com/xiaoqu/1625328","聚汇数据建邺区小区房价列表 + 聚汇数据小区详情页","已抓取"
"gotohui-327821","华新城","建邺","水西门","公开地址归并板块","南京建邺区巴山路33号","旅馆办公住宅商铺","高层","高层","公开详情页明确提供住宅形态字段","聚汇数据小区详情页建筑类型","2014","聚汇数据小区详情页建筑年代","61192","聚汇数据小区详情页挂牌均价","聚汇数据小区详情页挂牌均价","0","https://m.gotohui.com/xiaoqu/327821","聚汇数据建邺区小区房价列表 + 聚汇数据小区详情页","已抓取"
"gotohui-328484","华新城·珺庭","建邺","河西中部","公开地址归并板块","南京建邺区河西大街","住宅","高层","高层","公开详情页明确提供住宅形态字段","聚汇数据小区详情页建筑类型","2014","聚汇数据小区详情页建筑年代","","","暂无公开均价","0","https://m.gotohui.com/xiaoqu/328484","聚汇数据建邺区小区房价列表 + 聚汇数据小区详情页","已抓取"
"gotohui-72099","华新城璟园","建邺","水西门","公开地址归并板块","建邺巴山路33号","普通住宅","板楼","","公开源未提供洋房/小高层/高层等住宅形态，标记为待补充","","","","66833","聚汇数据小区详情页挂牌均价","聚汇数据小区详情页挂牌均价","0","https://m.gotohui.com/xiaoqu/72099","聚汇数据建邺区小区房价列表 + 聚汇数据小区详情页","已抓取"
"gotohui-1484902","华园小区","建邺","","","玄武孝陵卫","住宅","板塔结合","","公开源未提供洋房/小高层/高层等住宅形态，标记为待补充","","","","46555","聚汇数据小区详情页挂牌均价","聚汇数据小区详情页挂牌均价","0","https://m.gotohui.com/xiaoqu/1484902","聚汇数据建邺区小区房价列表 + 聚汇数据小区详情页","已抓取"
"gotohui-327830","汇锦国际凌江","建邺","奥体","公开地址归并板块","南京建邺区月安街50号","酒店式公寓普通公寓住宅","高层","高层","公开详情页明确提供住宅形态字段","聚汇数据小区详情页建筑类型","2014","聚汇数据小区详情页建筑年代","","","暂无公开均价","0","https://m.gotohui.com/xiaoqu/327830","聚汇数据建邺区小区房价列表 + 聚汇数据小区详情页","已抓取"
"gotohui-73331","积贤雅苑","建邺","河西中部","公开地址归并板块","建邺万达广场","住宅","塔楼","","公开源未提供洋房/小高层/高层等住宅形态，标记为待补充","","","","37020","聚汇数据小区详情页挂牌均价","聚汇数据小区详情页挂牌均价","0","https://m.gotohui.com/xiaoqu/73331","聚汇数据建邺区小区房价列表 + 聚汇数据小区详情页","已抓取"
"gotohui-1625871","吉庆家园别墅","建邺","","","","普通住宅","","","公开源未提供洋房/小高层/高层等住宅形态，标记为待补充","","2015","聚汇数据小区详情页建筑年代","51890","聚汇数据小区详情页挂牌均价","聚汇数据小区详情页挂牌均价","0","https://m.gotohui.com/xiaoqu/1625871","聚汇数据建邺区小区房价列表 + 聚汇数据小区详情页","已抓取"
"gotohui-1776327","佳兆业·城市广场2期","建邺","","","","普通住宅","","","公开源未提供洋房/小高层/高层等住宅形态，标记为待补充","","","","49584","聚汇数据小区详情页挂牌均价","聚汇数据小区详情页挂牌均价","0","https://m.gotohui.com/xiaoqu/1776327","聚汇数据建邺区小区房价列表 + 聚汇数据小区详情页","已抓取"
"gotohui-69502","佳兆业城市广场","建邺","奥体","公开地址归并板块","建邺奥南","住宅","板楼","","公开源未提供洋房/小高层/高层等住宅形态，标记为待补充","","2017","聚汇数据小区详情页建筑年代","53801","聚汇数据小区详情页挂牌均价","聚汇数据小区详情页挂牌均价","0","https://m.gotohui.com/xiaoqu/69502","聚汇数据建邺区小区房价列表 + 聚汇数据小区详情页","已抓取"
"gotohui-1484624","假日花园","建邺","奥体","公开地址归并板块","建邺奥体","住宅","板塔结合","","公开源未提供洋房/小高层/高层等住宅形态，标记为待补充","","","","44138","聚汇数据小区详情页挂牌均价","聚汇数据小区详情页挂牌均价","0","https://m.gotohui.com/xiaoqu/1484624","聚汇数据建邺区小区房价列表 + 聚汇数据小区详情页","已抓取"
"gotohui-1625883","建发珺和府","建邺","","","","普通住宅","","","公开源未提供洋房/小高层/高层等住宅形态，标记为待补充","","","","53763","聚汇数据小区详情页挂牌均价","聚汇数据小区详情页挂牌均价","0","https://m.gotohui.com/xiaoqu/1625883","聚汇数据建邺区小区房价列表 + 聚汇数据小区详情页","已抓取"
"gotohui-1775996","建发缦云","建邺","","","","普通住宅","","","公开源未提供洋房/小高层/高层等住宅形态，标记为待补充","","","","49715","聚汇数据小区详情页挂牌均价","聚汇数据小区详情页挂牌均价","0","https://m.gotohui.com/xiaoqu/1775996","聚汇数据建邺区小区房价列表 + 聚汇数据小区详情页","已抓取"
"gotohui-1484632","建邺吾悦广场","建邺","河西中部","公开地址归并板块","建邺江东中路与江东门北街交汇处","标准写字楼,购物中心,酒店式公寓","","","公开源未提供洋房/小高层/高层等住宅形态，标记为待补充","","","","31909","聚汇数据小区详情页挂牌均价","聚汇数据小区详情页挂牌均价","0","https://m.gotohui.com/xiaoqu/1484632","聚汇数据建邺区小区房价列表 + 聚汇数据小区详情页","已抓取"
"gotohui-328064","江岛花园","建邺","","","","小区","","","公开源未提供洋房/小高层/高层等住宅形态，标记为待补充","","","","","","暂无公开均价","0","https://m.gotohui.com/xiaoqu/328064","聚汇数据建邺区小区房价列表 + 聚汇数据小区详情页","已抓取"
"gotohui-837543","江岛华庭","建邺","奥体","公开地址归并板块","建邺奥体","住宅","","","公开源未提供洋房/小高层/高层等住宅形态，标记为待补充","","","","63617","聚汇数据小区详情页挂牌均价","聚汇数据小区详情页挂牌均价","0","https://m.gotohui.com/xiaoqu/837543","聚汇数据建邺区小区房价列表 + 聚汇数据小区详情页","已抓取"
"gotohui-68541","金奥大厦","建邺","奥体","公开地址归并板块","建邺奥体","住宅","塔楼","","公开源未提供洋房/小高层/高层等住宅形态，标记为待补充","","2013","聚汇数据小区详情页建筑年代","63104","聚汇数据小区详情页挂牌均价","聚汇数据小区详情页挂牌均价","0","https://m.gotohui.com/xiaoqu/68541","聚汇数据建邺区小区房价列表 + 聚汇数据小区详情页","已抓取"
"gotohui-251553","金奥费尔蒙公寓","建邺","河西中部","公开地址归并板块","建邺江东中路333号（江东中路与河西大街交汇处）","普通住宅,酒店式公寓","塔楼","","公开源未提供洋房/小高层/高层等住宅形态，标记为待补充","","","","21500","聚汇数据小区详情页挂牌均价","聚汇数据小区详情页挂牌均价","0","https://m.gotohui.com/xiaoqu/251553","聚汇数据建邺区小区房价列表 + 聚汇数据小区详情页","已抓取"
"gotohui-327916","金地·名京","建邺","河西中部","公开地址归并板块","南京建邺区集庆门大街","酒店式公寓住宅","高层","高层","公开详情页明确提供住宅形态字段","聚汇数据小区详情页建筑类型","2010","聚汇数据小区详情页建筑年代","","","暂无公开均价","0","https://m.gotohui.com/xiaoqu/327916","聚汇数据建邺区小区房价列表 + 聚汇数据小区详情页","已抓取"
"gotohui-250908","金地中心风华","建邺","奥体","公开地址归并板块","建邺奥南","住宅","板楼","","公开源未提供洋房/小高层/高层等住宅形态，标记为待补充","","2019","聚汇数据小区详情页建筑年代","46766","聚汇数据小区详情页挂牌均价","聚汇数据小区详情页挂牌均价","0","https://m.gotohui.com/xiaoqu/250908","聚汇数据建邺区小区房价列表 + 聚汇数据小区详情页","已抓取"
"gotohui-1548729","金地中心菁华","建邺","河西南部","公开地址归并板块","建邺江东南路与龙王大街交汇处","酒店写字楼","","","公开源未提供洋房/小高层/高层等住宅形态，标记为待补充","","","","20027","聚汇数据小区详情页挂牌均价","聚汇数据小区详情页挂牌均价","0","https://m.gotohui.com/xiaoqu/1548729","聚汇数据建邺区小区房价列表 + 聚汇数据小区详情页","已抓取"
"gotohui-1625853","金地中心菁华公寓","建邺","","","","普通住宅","","","公开源未提供洋房/小高层/高层等住宅形态，标记为待补充","","","","26337","聚汇数据小区详情页挂牌均价","聚汇数据小区详情页挂牌均价","0","https://m.gotohui.com/xiaoqu/1625853","聚汇数据建邺区小区房价列表 + 聚汇数据小区详情页","已抓取"
"gotohui-327928","金基·汇锦国际花园","建邺","奥体","公开地址归并板块","南京建邺区月安街","商住住宅","高层(9幢)|联体别墅(14幢)","高层","公开详情页明确提供住宅形态字段","聚汇数据小区详情页建筑类型","2014","聚汇数据小区详情页建筑年代","","","暂无公开均价","0","https://m.gotohui.com/xiaoqu/327928","聚汇数据建邺区小区房价列表 + 聚汇数据小区详情页","已抓取"
"gotohui-531170","金基·唐城","建邺","水西门","公开地址归并板块","南京建邺区水西门大街270号","住宅","","","公开源未提供洋房/小高层/高层等住宅形态，标记为待补充","","","","","","暂无公开均价","0","https://m.gotohui.com/xiaoqu/531170","聚汇数据建邺区小区房价列表 + 聚汇数据小区详情页","已抓取"
"gotohui-68390","金基汇锦国际","建邺","奥体","公开地址归并板块","建邺奥体","住宅","板楼","","公开源未提供洋房/小高层/高层等住宅形态，标记为待补充","","2014","聚汇数据小区详情页建筑年代","49737","聚汇数据小区详情页挂牌均价","聚汇数据小区详情页挂牌均价","0","https://m.gotohui.com/xiaoqu/68390","聚汇数据建邺区小区房价列表 + 聚汇数据小区详情页","已抓取"
"gotohui-1625324","金基汇锦国际凌江府","建邺","","","","普通住宅","","","公开源未提供洋房/小高层/高层等住宅形态，标记为待补充","","2014","聚汇数据小区详情页建筑年代","51104","聚汇数据小区详情页挂牌均价","聚汇数据小区详情页挂牌均价","0","https://m.gotohui.com/xiaoqu/1625324","聚汇数据建邺区小区房价列表 + 聚汇数据小区详情页","已抓取"
"gotohui-251279","金轮翡翠名园","建邺","应天西路","公开地址归并板块","建邺应天西路","住宅","板楼","","公开源未提供洋房/小高层/高层等住宅形态，标记为待补充","","2013","聚汇数据小区详情页建筑年代","36705","聚汇数据小区详情页挂牌均价","聚汇数据小区详情页挂牌均价","0","https://m.gotohui.com/xiaoqu/251279","聚汇数据建邺区小区房价列表 + 聚汇数据小区详情页","已抓取"
"gotohui-1625900","金马郦城东区","建邺","","","","普通住宅","","","公开源未提供洋房/小高层/高层等住宅形态，标记为待补充","","","","43284","聚汇数据小区详情页挂牌均价","聚汇数据小区详情页挂牌均价","0","https://m.gotohui.com/xiaoqu/1625900","聚汇数据建邺区小区房价列表 + 聚汇数据小区详情页","已抓取"
"gotohui-1625901","金马郦城西区","建邺","","","","普通住宅","","","公开源未提供洋房/小高层/高层等住宅形态，标记为待补充","","","","43610","聚汇数据小区详情页挂牌均价","聚汇数据小区详情页挂牌均价","0","https://m.gotohui.com/xiaoqu/1625901","聚汇数据建邺区小区房价列表 + 聚汇数据小区详情页","已抓取"
"gotohui-72455","金润国际广场","建邺","奥体","公开地址归并板块","建邺奥体","住宅","板塔结合","","公开源未提供洋房/小高层/高层等住宅形态，标记为待补充","","2013","聚汇数据小区详情页建筑年代","31110","聚汇数据小区详情页挂牌均价","聚汇数据小区详情页挂牌均价","0","https://m.gotohui.com/xiaoqu/72455","聚汇数据建邺区小区房价列表 + 聚汇数据小区详情页","已抓取"
"gotohui-1251609","金沙雅苑","建邺","奥体","公开地址归并板块","建邺奥体","住宅","板塔结合","","公开源未提供洋房/小高层/高层等住宅形态，标记为待补充","","","","50719","聚汇数据小区详情页挂牌均价","聚汇数据小区详情页挂牌均价","0","https://m.gotohui.com/xiaoqu/1251609","聚汇数据建邺区小区房价列表 + 聚汇数据小区详情页","已抓取"
"gotohui-69780","金穗花园","建邺","奥体","公开地址归并板块","建邺奥体","住宅","板塔结合","","公开源未提供洋房/小高层/高层等住宅形态，标记为待补充","","2012","聚汇数据小区详情页建筑年代","21032","聚汇数据小区详情页挂牌均价","聚汇数据小区详情页挂牌均价","0","https://m.gotohui.com/xiaoqu/69780","聚汇数据建邺区小区房价列表 + 聚汇数据小区详情页","已抓取"
"gotohui-70117","金隅紫京府","建邺","","","建邺河西","住宅","塔楼","","公开源未提供洋房/小高层/高层等住宅形态，标记为待补充","","2017","聚汇数据小区详情页建筑年代","59975","聚汇数据小区详情页挂牌均价","聚汇数据小区详情页挂牌均价","0","https://m.gotohui.com/xiaoqu/70117","聚汇数据建邺区小区房价列表 + 聚汇数据小区详情页","已抓取"
"gotohui-1252335","精金花园","建邺","河西中部","公开地址归并板块","建邺万达广场","住宅","","","公开源未提供洋房/小高层/高层等住宅形态，标记为待补充","","","","30359","聚汇数据小区详情页挂牌均价","聚汇数据小区详情页挂牌均价","0","https://m.gotohui.com/xiaoqu/1252335","聚汇数据建邺区小区房价列表 + 聚汇数据小区详情页","已抓取"
"gotohui-251313","精锐SOHO","建邺","","","秦淮夫子庙","住宅","板塔结合","","公开源未提供洋房/小高层/高层等住宅形态，标记为待补充","","2013","聚汇数据小区详情页建筑年代","17072","聚汇数据小区详情页挂牌均价","聚汇数据小区详情页挂牌均价","0","https://m.gotohui.com/xiaoqu/251313","聚汇数据建邺区小区房价列表 + 聚汇数据小区详情页","已抓取"
"gotohui-1484608","康苑新村","建邺","奥体","公开地址归并板块","建邺奥体","住宅","板楼","","公开源未提供洋房/小高层/高层等住宅形态，标记为待补充","","","","32463","聚汇数据小区详情页挂牌均价","聚汇数据小区详情页挂牌均价","0","https://m.gotohui.com/xiaoqu/1484608","聚汇数据建邺区小区房价列表 + 聚汇数据小区详情页","已抓取"
"gotohui-1778176","康庄馨苑","建邺","","","","普通住宅","","","公开源未提供洋房/小高层/高层等住宅形态，标记为待补充","","","","34176","聚汇数据小区详情页挂牌均价","聚汇数据小区详情页挂牌均价","0","https://m.gotohui.com/xiaoqu/1778176","聚汇数据建邺区小区房价列表 + 聚汇数据小区详情页","已抓取"
"gotohui-69499","莱蒙水榭春天","建邺","奥体","公开地址归并板块","建邺奥体","住宅","板塔结合","","公开源未提供洋房/小高层/高层等住宅形态，标记为待补充","","2013","聚汇数据小区详情页建筑年代","50973","聚汇数据小区详情页挂牌均价","聚汇数据小区详情页挂牌均价","0","https://m.gotohui.com/xiaoqu/69499","聚汇数据建邺区小区房价列表 + 聚汇数据小区详情页","已抓取"
"gotohui-1625327","蓝璟雅居","建邺","","","","小区","","","公开源未提供洋房/小高层/高层等住宅形态，标记为待补充","","","","40101","聚汇数据小区详情页挂牌均价","聚汇数据小区详情页挂牌均价","0","https://m.gotohui.com/xiaoqu/1625327","聚汇数据建邺区小区房价列表 + 聚汇数据小区详情页","已抓取"
"gotohui-530918","蓝瑟公寓","建邺","河西中部","公开地址归并板块","南京建邺区江东中路87号","住宅","","","公开源未提供洋房/小高层/高层等住宅形态，标记为待补充","","","","46522","聚汇数据小区详情页挂牌均价","聚汇数据小区详情页挂牌均价","0","https://m.gotohui.com/xiaoqu/530918","聚汇数据建邺区小区房价列表 + 聚汇数据小区详情页","已抓取"
"gotohui-327888","朗诗·国际街区","建邺","河西中部","公开地址归并板块","南京建邺区河西大街","住宅","","","公开源未提供洋房/小高层/高层等住宅形态，标记为待补充","","","","","","暂无公开均价","0","https://m.gotohui.com/xiaoqu/327888","聚汇数据建邺区小区房价列表 + 聚汇数据小区详情页","已抓取"
"gotohui-530851","朗诗·国际街区南园","建邺","奥体","公开地址归并板块","南京建邺区嘉陵江东街87号","住宅","","","公开源未提供洋房/小高层/高层等住宅形态，标记为待补充","","2010","聚汇数据小区详情页建筑年代","","","暂无公开均价","0","https://m.gotohui.com/xiaoqu/530851","聚汇数据建邺区小区房价列表 + 聚汇数据小区详情页","已抓取"
"gotohui-328511","朗诗·国际街区中园","建邺","河西中部","公开地址归并板块","南京建邺区河西大街","住宅","","","公开源未提供洋房/小高层/高层等住宅形态，标记为待补充","","","","","","暂无公开均价","0","https://m.gotohui.com/xiaoqu/328511","聚汇数据建邺区小区房价列表 + 聚汇数据小区详情页","已抓取"
"gotohui-251089","朗诗熙华府","建邺","奥体","公开地址归并板块","建邺奥南","住宅","板塔结合","","公开源未提供洋房/小高层/高层等住宅形态，标记为待补充","","2018","聚汇数据小区详情页建筑年代","48073","聚汇数据小区详情页挂牌均价","聚汇数据小区详情页挂牌均价","0","https://m.gotohui.com/xiaoqu/251089","聚汇数据建邺区小区房价列表 + 聚汇数据小区详情页","已抓取"
"gotohui-1484595","乐基广场","建邺","","","建邺云锦路与所街交汇处","市场类商铺","","","公开源未提供洋房/小高层/高层等住宅形态，标记为待补充","","","","","","暂无公开均价","0","https://m.gotohui.com/xiaoqu/1484595","聚汇数据建邺区小区房价列表 + 聚汇数据小区详情页","已抓取"
"gotohui-1626379","郦城御园","建邺","","","","普通住宅","","","公开源未提供洋房/小高层/高层等住宅形态，标记为待补充","","2014","聚汇数据小区详情页建筑年代","53553","聚汇数据小区详情页挂牌均价","聚汇数据小区详情页挂牌均价","0","https://m.gotohui.com/xiaoqu/1626379","聚汇数据建邺区小区房价列表 + 聚汇数据小区详情页","已抓取"
"gotohui-250982","涟城","建邺","南苑","公开地址归并板块","建邺怡康街8号","普通住宅","板楼","","公开源未提供洋房/小高层/高层等住宅形态，标记为待补充","","","","21000","聚汇数据小区详情页挂牌均价","聚汇数据小区详情页挂牌均价","0","https://m.gotohui.com/xiaoqu/250982","聚汇数据建邺区小区房价列表 + 聚汇数据小区详情页","已抓取"
"gotohui-68280","莲花新城北苑","建邺","奥体","公开地址归并板块","建邺奥体","住宅","板塔结合","","公开源未提供洋房/小高层/高层等住宅形态，标记为待补充","","2012","聚汇数据小区详情页建筑年代","19889","聚汇数据小区详情页挂牌均价","聚汇数据小区详情页挂牌均价","0","https://m.gotohui.com/xiaoqu/68280","聚汇数据建邺区小区房价列表 + 聚汇数据小区详情页","已抓取"
"gotohui-67970","莲花新城嘉园","建邺","奥体","公开地址归并板块","建邺奥体","住宅","板塔结合","","公开源未提供洋房/小高层/高层等住宅形态，标记为待补充","","","","21034","聚汇数据小区详情页挂牌均价","聚汇数据小区详情页挂牌均价","0","https://m.gotohui.com/xiaoqu/67970","聚汇数据建邺区小区房价列表 + 聚汇数据小区详情页","已抓取"
"gotohui-73958","莲花新城南苑","建邺","奥体","公开地址归并板块","建邺奥体","住宅","板塔结合","","公开源未提供洋房/小高层/高层等住宅形态，标记为待补充","","2012","聚汇数据小区详情页建筑年代","19243","聚汇数据小区详情页挂牌均价","聚汇数据小区详情页挂牌均价","0","https://m.gotohui.com/xiaoqu/73958","聚汇数据建邺区小区房价列表 + 聚汇数据小区详情页","已抓取"
"gotohui-251283","凌江府","建邺","奥体","公开地址归并板块","建邺奥体","住宅","板楼","","公开源未提供洋房/小高层/高层等住宅形态，标记为待补充","","2014","聚汇数据小区详情页建筑年代","63653","聚汇数据小区详情页挂牌均价","聚汇数据小区详情页挂牌均价","0","https://m.gotohui.com/xiaoqu/251283","聚汇数据建邺区小区房价列表 + 聚汇数据小区详情页","已抓取"
"gotohui-1484601","龙湖·时代上城","建邺","河西中部","公开地址归并板块","建邺河西大街与云龙山路交汇处","标准写字楼,商业,酒店式公寓","","","公开源未提供洋房/小高层/高层等住宅形态，标记为待补充","","","","28351","聚汇数据小区详情页挂牌均价","聚汇数据小区详情页挂牌均价","0","https://m.gotohui.com/xiaoqu/1484601","聚汇数据建邺区小区房价列表 + 聚汇数据小区详情页","已抓取"
"gotohui-72888","鲁能公馆","建邺","奥体","公开地址归并板块","建邺奥体","住宅","板塔结合","","公开源未提供洋房/小高层/高层等住宅形态，标记为待补充","","2017","聚汇数据小区详情页建筑年代","46297","聚汇数据小区详情页挂牌均价","聚汇数据小区详情页挂牌均价","0","https://m.gotohui.com/xiaoqu/72888","聚汇数据建邺区小区房价列表 + 聚汇数据小区详情页","已抓取"
"gotohui-1625878","绿岛新村","建邺","","","","普通住宅","","","公开源未提供洋房/小高层/高层等住宅形态，标记为待补充","","","","25222","聚汇数据小区详情页挂牌均价","聚汇数据小区详情页挂牌均价","0","https://m.gotohui.com/xiaoqu/1625878","聚汇数据建邺区小区房价列表 + 聚汇数据小区详情页","已抓取"
"gotohui-1484594","绿地华侨城海珀滨江","建邺","","","建邺河西","住宅","板塔结合","","公开源未提供洋房/小高层/高层等住宅形态，标记为待补充","","2018","聚汇数据小区详情页建筑年代","54606","聚汇数据小区详情页挂牌均价","聚汇数据小区详情页挂牌均价","0","https://m.gotohui.com/xiaoqu/1484594","聚汇数据建邺区小区房价列表 + 聚汇数据小区详情页","已抓取"
"gotohui-1626377","绿地华侨城海珀滨江二期","建邺","","","","普通住宅","","","公开源未提供洋房/小高层/高层等住宅形态，标记为待补充","","","","50449","聚汇数据小区详情页挂牌均价","聚汇数据小区详情页挂牌均价","0","https://m.gotohui.com/xiaoqu/1626377","聚汇数据建邺区小区房价列表 + 聚汇数据小区详情页","已抓取"
"gotohui-1626376","绿地华侨城海珀滨江一期","建邺","","","","普通住宅","","","公开源未提供洋房/小高层/高层等住宅形态，标记为待补充","","","","50826","聚汇数据小区详情页挂牌均价","聚汇数据小区详情页挂牌均价","0","https://m.gotohui.com/xiaoqu/1626376","聚汇数据建邺区小区房价列表 + 聚汇数据小区详情页","已抓取"
"gotohui-327903","名郡花园","建邺","河西中部","公开地址归并板块","南京建邺区集庆门大街","住宅","联体别墅|别墅","","公开源未提供洋房/小高层/高层等住宅形态，标记为待补充","","2012","聚汇数据小区详情页建筑年代","","","暂无公开均价","0","https://m.gotohui.com/xiaoqu/327903","聚汇数据建邺区小区房价列表 + 聚汇数据小区详情页","已抓取"
"gotohui-250755","茗芳苑","建邺","兴隆","公开地址归并板块","建邺兴隆大街","住宅","板楼","","公开源未提供洋房/小高层/高层等住宅形态，标记为待补充","","2014","聚汇数据小区详情页建筑年代","64027","聚汇数据小区详情页挂牌均价","聚汇数据小区详情页挂牌均价","0","https://m.gotohui.com/xiaoqu/250755","聚汇数据建邺区小区房价列表 + 聚汇数据小区详情页","已抓取"
"gotohui-1484589","魔方公寓(建邺区长虹路)","建邺","南湖","公开地址归并板块","建邺南湖","住宅","板楼","","公开源未提供洋房/小高层/高层等住宅形态，标记为待补充","","","","38710","聚汇数据小区详情页挂牌均价","聚汇数据小区详情页挂牌均价","0","https://m.gotohui.com/xiaoqu/1484589","聚汇数据建邺区小区房价列表 + 聚汇数据小区详情页","已抓取"
"gotohui-1484577","南湖路42号","建邺","应天西路","公开地址归并板块","建邺应天西路","住宅","板塔结合","","公开源未提供洋房/小高层/高层等住宅形态，标记为待补充","","","","25673","聚汇数据小区详情页挂牌均价","聚汇数据小区详情页挂牌均价","0","https://m.gotohui.com/xiaoqu/1484577","聚汇数据建邺区小区房价列表 + 聚汇数据小区详情页","已抓取"
"gotohui-249589","南京海峡城","建邺","","","","小区","","","公开源未提供洋房/小高层/高层等住宅形态，标记为待补充","","","","","","暂无公开均价","0","https://m.gotohui.com/xiaoqu/249589","聚汇数据建邺区小区房价列表 + 聚汇数据小区详情页","已抓取"
"gotohui-1548730","南京金奥中心","建邺","河西中部","公开地址归并板块","建邺江东中路333号","标准写字楼","","","公开源未提供洋房/小高层/高层等住宅形态，标记为待补充","","","","32667","聚汇数据小区详情页挂牌均价","聚汇数据小区详情页挂牌均价","0","https://m.gotohui.com/xiaoqu/1548730","聚汇数据建邺区小区房价列表 + 聚汇数据小区详情页","已抓取"
"gotohui-1548668","南京金融城","建邺","河西中部","公开地址归并板块","建邺江东中路与雨润大街交汇处","写字楼商铺","","","公开源未提供洋房/小高层/高层等住宅形态，标记为待补充","","","","","","暂无公开均价","0","https://m.gotohui.com/xiaoqu/1548668","聚汇数据建邺区小区房价列表 + 聚汇数据小区详情页","已抓取"
"gotohui-250778","南京生态岛一期经济适用房","建邺","应天西路","公开地址归并板块","建邺应天西路","住宅","板楼","","公开源未提供洋房/小高层/高层等住宅形态，标记为待补充","","2016","聚汇数据小区详情页建筑年代","52088","聚汇数据小区详情页挂牌均价","聚汇数据小区详情页挂牌均价","0","https://m.gotohui.com/xiaoqu/250778","聚汇数据建邺区小区房价列表 + 聚汇数据小区详情页","已抓取"
"gotohui-1251632","南京世界贸易中心","建邺","奥体","公开地址归并板块","南京建邺区庐山路208号","旅馆酒店式公寓办公住宅商铺","高层(1幢)","高层","公开详情页明确提供住宅形态字段","聚汇数据小区详情页建筑类型","2013","聚汇数据小区详情页建筑年代","","","暂无公开均价","0","https://m.gotohui.com/xiaoqu/1251632","聚汇数据建邺区小区房价列表 + 聚汇数据小区详情页","已抓取"
"gotohui-68015","南京万达广场","建邺","河西中部","公开地址归并板块","建邺万达广场","住宅","板楼","","公开源未提供洋房/小高层/高层等住宅形态，标记为待补充","","2012","聚汇数据小区详情页建筑年代","44772","聚汇数据小区详情页挂牌均价","聚汇数据小区详情页挂牌均价","0","https://m.gotohui.com/xiaoqu/68015","聚汇数据建邺区小区房价列表 + 聚汇数据小区详情页","已抓取"
"gotohui-327486","南京万达广场东坊","建邺","","","","小区","","","公开源未提供洋房/小高层/高层等住宅形态，标记为待补充","","","","","","暂无公开均价","0","https://m.gotohui.com/xiaoqu/327486","聚汇数据建邺区小区房价列表 + 聚汇数据小区详情页","已抓取"
"gotohui-531141","南京万达广场西地","建邺","水西门","公开地址归并板块","南京建邺区水西门大街","办公住宅","高层","高层","公开详情页明确提供住宅形态字段","聚汇数据小区详情页建筑类型","2010","聚汇数据小区详情页建筑年代","","","暂无公开均价","0","https://m.gotohui.com/xiaoqu/531141","聚汇数据建邺区小区房价列表 + 聚汇数据小区详情页","已抓取"
"gotohui-1626673","欧洲城铂金时代","建邺","","","","普通住宅","","","公开源未提供洋房/小高层/高层等住宅形态，标记为待补充","","2010","聚汇数据小区详情页建筑年代","34731","聚汇数据小区详情页挂牌均价","聚汇数据小区详情页挂牌均价","0","https://m.gotohui.com/xiaoqu/1626673","聚汇数据建邺区小区房价列表 + 聚汇数据小区详情页","已抓取"
"gotohui-1625870","欧洲城铂金时代公寓","建邺","","","","普通住宅","","","公开源未提供洋房/小高层/高层等住宅形态，标记为待补充","","2010","聚汇数据小区详情页建筑年代","35080","聚汇数据小区详情页挂牌均价","聚汇数据小区详情页挂牌均价","0","https://m.gotohui.com/xiaoqu/1625870","聚汇数据建邺区小区房价列表 + 聚汇数据小区详情页","已抓取"
"gotohui-1441249","平良上府","建邺","河西南部","公开地址归并板块","建邺平良大街与元前路交汇处","普通住宅","板楼","","公开源未提供洋房/小高层/高层等住宅形态，标记为待补充","","","","62521","聚汇数据小区详情页挂牌均价","聚汇数据小区详情页挂牌均价","0","https://m.gotohui.com/xiaoqu/1441249","聚汇数据建邺区小区房价列表 + 聚汇数据小区详情页","已抓取"
"gotohui-1778042","璞境","建邺","","","","普通住宅","","","公开源未提供洋房/小高层/高层等住宅形态，标记为待补充","","","","59505","聚汇数据小区详情页挂牌均价","聚汇数据小区详情页挂牌均价","0","https://m.gotohui.com/xiaoqu/1778042","聚汇数据建邺区小区房价列表 + 聚汇数据小区详情页","已抓取"
"gotohui-74114","栖庭","建邺","兴隆","公开地址归并板块","建邺兴隆大街","住宅","板楼","","公开源未提供洋房/小高层/高层等住宅形态，标记为待补充","","2010","聚汇数据小区详情页建筑年代","45564","聚汇数据小区详情页挂牌均价","聚汇数据小区详情页挂牌均价","0","https://m.gotohui.com/xiaoqu/74114","聚汇数据建邺区小区房价列表 + 聚汇数据小区详情页","已抓取"
"gotohui-1151222","秦新名邸","建邺","奥体","公开地址归并板块","建邺奥南","住宅","板塔结合","","公开源未提供洋房/小高层/高层等住宅形态，标记为待补充","","2017","聚汇数据小区详情页建筑年代","45822","聚汇数据小区详情页挂牌均价","聚汇数据小区详情页挂牌均价","0","https://m.gotohui.com/xiaoqu/1151222","聚汇数据建邺区小区房价列表 + 聚汇数据小区详情页","已抓取"
"gotohui-71083","沁园村","建邺","奥体","公开地址归并板块","建邺奥体","住宅","板塔结合","","公开源未提供洋房/小高层/高层等住宅形态，标记为待补充","","2010","聚汇数据小区详情页建筑年代","61192","聚汇数据小区详情页挂牌均价","聚汇数据小区详情页挂牌均价","0","https://m.gotohui.com/xiaoqu/71083","聚汇数据建邺区小区房价列表 + 聚汇数据小区详情页","已抓取"
"gotohui-1626383","青奥村","建邺","","","","普通住宅","","","公开源未提供洋房/小高层/高层等住宅形态，标记为待补充","","2014","聚汇数据小区详情页建筑年代","41016","聚汇数据小区详情页挂牌均价","聚汇数据小区详情页挂牌均价","0","https://m.gotohui.com/xiaoqu/1626383","聚汇数据建邺区小区房价列表 + 聚汇数据小区详情页","已抓取"
"gotohui-1625877","清河雅苑","建邺","","","","普通住宅","","","公开源未提供洋房/小高层/高层等住宅形态，标记为待补充","","","","39740","聚汇数据小区详情页挂牌均价","聚汇数据小区详情页挂牌均价","0","https://m.gotohui.com/xiaoqu/1625877","聚汇数据建邺区小区房价列表 + 聚汇数据小区详情页","已抓取"
"gotohui-1484563","清晖园","建邺","奥体","公开地址归并板块","建邺奥体","住宅","","","公开源未提供洋房/小高层/高层等住宅形态，标记为待补充","","","","31218","聚汇数据小区详情页挂牌均价","聚汇数据小区详情页挂牌均价","0","https://m.gotohui.com/xiaoqu/1484563","聚汇数据建邺区小区房价列表 + 聚汇数据小区详情页","已抓取"
"gotohui-836368","清辉园","建邺","奥体","公开地址归并板块","建邺奥体","住宅","","","公开源未提供洋房/小高层/高层等住宅形态，标记为待补充","","","","25104","聚汇数据小区详情页挂牌均价","聚汇数据小区详情页挂牌均价","0","https://m.gotohui.com/xiaoqu/836368","聚汇数据建邺区小区房价列表 + 聚汇数据小区详情页","已抓取"
"gotohui-1626676","清融园东区","建邺","","","","普通住宅","","","公开源未提供洋房/小高层/高层等住宅形态，标记为待补充","","","","35458","聚汇数据小区详情页挂牌均价","聚汇数据小区详情页挂牌均价","0","https://m.gotohui.com/xiaoqu/1626676","聚汇数据建邺区小区房价列表 + 聚汇数据小区详情页","已抓取"
"gotohui-835495","清润园","建邺","奥体","公开地址归并板块","建邺奥体","住宅","","","公开源未提供洋房/小高层/高层等住宅形态，标记为待补充","","","","24292","聚汇数据小区详情页挂牌均价","聚汇数据小区详情页挂牌均价","0","https://m.gotohui.com/xiaoqu/835495","聚汇数据建邺区小区房价列表 + 聚汇数据小区详情页","已抓取"
"gotohui-1253838","清泽园","建邺","奥体","公开地址归并板块","建邺奥体","住宅","","","公开源未提供洋房/小高层/高层等住宅形态，标记为待补充","","","","25624","聚汇数据小区详情页挂牌均价","聚汇数据小区详情页挂牌均价","0","https://m.gotohui.com/xiaoqu/1253838","聚汇数据建邺区小区房价列表 + 聚汇数据小区详情页","已抓取"
"gotohui-327816","仁恒·江湾城","建邺","奥体","公开地址归并板块","南京建邺区燕山路","商住住宅商铺","多层|小高层|高层(15幢)","混合","公开详情页明确提供住宅形态字段","聚汇数据小区详情页建筑类型","2014","聚汇数据小区详情页建筑年代","","","暂无公开均价","0","https://m.gotohui.com/xiaoqu/327816","聚汇数据建邺区小区房价列表 + 聚汇数据小区详情页","已抓取"
"gotohui-327792","仁恒江湾城二期","建邺","奥体","公开地址归并板块","建邺奥体","住宅","","","公开源未提供洋房/小高层/高层等住宅形态，标记为待补充","","","","55618","聚汇数据小区详情页挂牌均价","聚汇数据小区详情页挂牌均价","0","https://m.gotohui.com/xiaoqu/327792","聚汇数据建邺区小区房价列表 + 聚汇数据小区详情页","已抓取"
"gotohui-69512","仁恒江湾城三期","建邺","奥体","公开地址归并板块","建邺奥体","住宅","板塔结合","","公开源未提供洋房/小高层/高层等住宅形态，标记为待补充","","2013","聚汇数据小区详情页建筑年代","65457","聚汇数据小区详情页挂牌均价","聚汇数据小区详情页挂牌均价","0","https://m.gotohui.com/xiaoqu/69512","聚汇数据建邺区小区房价列表 + 聚汇数据小区详情页","已抓取"
"gotohui-836110","仁恒江湾城四期","建邺","奥体","公开地址归并板块","建邺奥体","住宅","","","公开源未提供洋房/小高层/高层等住宅形态，标记为待补充","","","","82071","聚汇数据小区详情页挂牌均价","聚汇数据小区详情页挂牌均价","0","https://m.gotohui.com/xiaoqu/836110","聚汇数据建邺区小区房价列表 + 聚汇数据小区详情页","已抓取"
"gotohui-67980","仁恒江湾城一期","建邺","奥体","公开地址归并板块","建邺奥体","住宅","塔楼","","公开源未提供洋房/小高层/高层等住宅形态，标记为待补充","","2017","聚汇数据小区详情页建筑年代","53088","聚汇数据小区详情页挂牌均价","聚汇数据小区详情页挂牌均价","0","https://m.gotohui.com/xiaoqu/67980","聚汇数据建邺区小区房价列表 + 聚汇数据小区详情页","已抓取"
"gotohui-1548670","仁恒江湾世纪","建邺","江心洲","公开地址归并板块","建邺江心洲南部环洲路与南环路（规划）交汇处","普通住宅,叠拼","塔楼","","公开源未提供洋房/小高层/高层等住宅形态，标记为待补充","","","","54216","聚汇数据小区详情页挂牌均价","聚汇数据小区详情页挂牌均价","0","https://m.gotohui.com/xiaoqu/1548670","聚汇数据建邺区小区房价列表 + 聚汇数据小区详情页","已抓取"
"gotohui-251034","仁恒绿洲新岛","建邺","江心洲","公开地址归并板块","建邺江心洲","住宅","板塔结合","","公开源未提供洋房/小高层/高层等住宅形态，标记为待补充","","2017","聚汇数据小区详情页建筑年代","43345","聚汇数据小区详情页挂牌均价","聚汇数据小区详情页挂牌均价","0","https://m.gotohui.com/xiaoqu/251034","聚汇数据建邺区小区房价列表 + 聚汇数据小区详情页","已抓取"
"gotohui-69992","仁恒G53公寓","建邺","奥体","公开地址归并板块","建邺奥体","住宅","板楼","","公开源未提供洋房/小高层/高层等住宅形态，标记为待补充","","2011","聚汇数据小区详情页建筑年代","52439","聚汇数据小区详情页挂牌均价","聚汇数据小区详情页挂牌均价","0","https://m.gotohui.com/xiaoqu/69992","聚汇数据建邺区小区房价列表 + 聚汇数据小区详情页","已抓取"
"gotohui-251519","融侨中央花园二期","建邺","奥体","公开地址归并板块","建邺奥体","住宅","板楼","","公开源未提供洋房/小高层/高层等住宅形态，标记为待补充","","2011","聚汇数据小区详情页建筑年代","45462","聚汇数据小区详情页挂牌均价","聚汇数据小区详情页挂牌均价","0","https://m.gotohui.com/xiaoqu/251519","聚汇数据建邺区小区房价列表 + 聚汇数据小区详情页","已抓取"
"gotohui-70187","融侨中央花园三期","建邺","奥体","公开地址归并板块","建邺奥体","住宅","板楼","","公开源未提供洋房/小高层/高层等住宅形态，标记为待补充","","2011","聚汇数据小区详情页建筑年代","50712","聚汇数据小区详情页挂牌均价","聚汇数据小区详情页挂牌均价","0","https://m.gotohui.com/xiaoqu/70187","聚汇数据建邺区小区房价列表 + 聚汇数据小区详情页","已抓取"
"gotohui-69354","融侨中央花园一期","建邺","奥体","公开地址归并板块","建邺奥体","住宅","板楼","","公开源未提供洋房/小高层/高层等住宅形态，标记为待补充","","2011","聚汇数据小区详情页建筑年代","47160","聚汇数据小区详情页挂牌均价","聚汇数据小区详情页挂牌均价","0","https://m.gotohui.com/xiaoqu/69354","聚汇数据建邺区小区房价列表 + 聚汇数据小区详情页","已抓取"
"gotohui-1625881","尚诚华府","建邺","","","","普通住宅","","","公开源未提供洋房/小高层/高层等住宅形态，标记为待补充","","","","38849","聚汇数据小区详情页挂牌均价","聚汇数据小区详情页挂牌均价","0","https://m.gotohui.com/xiaoqu/1625881","聚汇数据建邺区小区房价列表 + 聚汇数据小区详情页","已抓取"
"gotohui-68748","升龙公园道","建邺","江心洲","公开地址归并板块","建邺江心洲","住宅","板楼","","公开源未提供洋房/小高层/高层等住宅形态，标记为待补充","","2017","聚汇数据小区详情页建筑年代","50096","聚汇数据小区详情页挂牌均价","聚汇数据小区详情页挂牌均价","0","https://m.gotohui.com/xiaoqu/68748","聚汇数据建邺区小区房价列表 + 聚汇数据小区详情页","已抓取"
"gotohui-1486683","升龙公园道公寓","建邺","江心洲","公开地址归并板块","建邺江心洲","住宅","板楼","","公开源未提供洋房/小高层/高层等住宅形态，标记为待补充","","","","55124","聚汇数据小区详情页挂牌均价","聚汇数据小区详情页挂牌均价","0","https://m.gotohui.com/xiaoqu/1486683","聚汇数据建邺区小区房价列表 + 聚汇数据小区详情页","已抓取"
"gotohui-1626382","升龙公园道桦园","建邺","","","","普通住宅","","","公开源未提供洋房/小高层/高层等住宅形态，标记为待补充","","","","46922","聚汇数据小区详情页挂牌均价","聚汇数据小区详情页挂牌均价","0","https://m.gotohui.com/xiaoqu/1626382","聚汇数据建邺区小区房价列表 + 聚汇数据小区详情页","已抓取"
"gotohui-1626393","升龙公园道榕园","建邺","","","","普通住宅","","","公开源未提供洋房/小高层/高层等住宅形态，标记为待补充","","","","46358","聚汇数据小区详情页挂牌均价","聚汇数据小区详情页挂牌均价","0","https://m.gotohui.com/xiaoqu/1626393","聚汇数据建邺区小区房价列表 + 聚汇数据小区详情页","已抓取"
"gotohui-1625891","升龙公园道檀园别墅","建邺","","","","普通住宅","","","公开源未提供洋房/小高层/高层等住宅形态，标记为待补充","","2017","聚汇数据小区详情页建筑年代","48963","聚汇数据小区详情页挂牌均价","聚汇数据小区详情页挂牌均价","0","https://m.gotohui.com/xiaoqu/1625891","聚汇数据建邺区小区房价列表 + 聚汇数据小区详情页","已抓取"
"gotohui-1626672","升龙公园道榛园","建邺","","","","普通住宅","","","公开源未提供洋房/小高层/高层等住宅形态，标记为待补充","","","","53289","聚汇数据小区详情页挂牌均价","聚汇数据小区详情页挂牌均价","0","https://m.gotohui.com/xiaoqu/1626672","聚汇数据建邺区小区房价列表 + 聚汇数据小区详情页","已抓取"
"gotohui-1625874","升龙河西公馆","建邺","","","","普通住宅","","","公开源未提供洋房/小高层/高层等住宅形态，标记为待补充","","2018","聚汇数据小区详情页建筑年代","20337","聚汇数据小区详情页挂牌均价","聚汇数据小区详情页挂牌均价","0","https://m.gotohui.com/xiaoqu/1625874","聚汇数据建邺区小区房价列表 + 聚汇数据小区详情页","已抓取"
"gotohui-68037","升龙汇金中心","建邺","奥体","公开地址归并板块","建邺奥南","住宅","板塔结合","","公开源未提供洋房/小高层/高层等住宅形态，标记为待补充","","2014","聚汇数据小区详情页建筑年代","21907","聚汇数据小区详情页挂牌均价","聚汇数据小区详情页挂牌均价","0","https://m.gotohui.com/xiaoqu/68037","聚汇数据建邺区小区房价列表 + 聚汇数据小区详情页","已抓取"
"gotohui-555662","升龙桃花园著","建邺","江心洲","公开地址归并板块","建邺江心洲夹江大桥与葡园路交汇处","普通住宅,花园洋房","板楼","洋房","公开详情页明确提供住宅形态字段","聚汇数据小区详情页物业类型","","","53384","聚汇数据小区详情页挂牌均价","聚汇数据小区详情页挂牌均价","0","https://m.gotohui.com/xiaoqu/555662","聚汇数据建邺区小区房价列表 + 聚汇数据小区详情页","已抓取"
"gotohui-1626378","升龙桃花园著尚院","建邺","","","","小区","","","公开源未提供洋房/小高层/高层等住宅形态，标记为待补充","","","","50662","聚汇数据小区详情页挂牌均价","聚汇数据小区详情页挂牌均价","0","https://m.gotohui.com/xiaoqu/1626378","聚汇数据建邺区小区房价列表 + 聚汇数据小区详情页","已抓取"
"gotohui-69683","升龙天汇","建邺","河西南部","公开地址归并板块","建邺河西南部新梗街与新河路交汇处","普通住宅","板楼","","公开源未提供洋房/小高层/高层等住宅形态，标记为待补充","","","","38495","聚汇数据小区详情页挂牌均价","聚汇数据小区详情页挂牌均价","0","https://m.gotohui.com/xiaoqu/69683","聚汇数据建邺区小区房价列表 + 聚汇数据小区详情页","已抓取"
"gotohui-1625312","升龙天汇珑尚","建邺","","","","普通住宅","","","公开源未提供洋房/小高层/高层等住宅形态，标记为待补充","","","","43992","聚汇数据小区详情页挂牌均价","聚汇数据小区详情页挂牌均价","0","https://m.gotohui.com/xiaoqu/1625312","聚汇数据建邺区小区房价列表 + 聚汇数据小区详情页","已抓取"
"gotohui-1625310","升龙天汇珑熙","建邺","","","","普通住宅","","","公开源未提供洋房/小高层/高层等住宅形态，标记为待补充","","","","45081","聚汇数据小区详情页挂牌均价","聚汇数据小区详情页挂牌均价","0","https://m.gotohui.com/xiaoqu/1625310","聚汇数据建邺区小区房价列表 + 聚汇数据小区详情页","已抓取"
"gotohui-1625319","升龙天汇珑悦","建邺","","","","普通住宅","","","公开源未提供洋房/小高层/高层等住宅形态，标记为待补充","","","","42006","聚汇数据小区详情页挂牌均价","聚汇数据小区详情页挂牌均价","0","https://m.gotohui.com/xiaoqu/1625319","聚汇数据建邺区小区房价列表 + 聚汇数据小区详情页","已抓取"
"gotohui-1625895","胜科星洲府","建邺","","","","普通住宅","","","公开源未提供洋房/小高层/高层等住宅形态，标记为待补充","","2018","聚汇数据小区详情页建筑年代","51366","聚汇数据小区详情页挂牌均价","聚汇数据小区详情页挂牌均价","0","https://m.gotohui.com/xiaoqu/1625895","聚汇数据建邺区小区房价列表 + 聚汇数据小区详情页","已抓取"
"gotohui-1484547","胜科星洲府项目","建邺","","","建邺河西","住宅","板楼","","公开源未提供洋房/小高层/高层等住宅形态，标记为待补充","","2018","聚汇数据小区详情页建筑年代","58230","聚汇数据小区详情页挂牌均价","聚汇数据小区详情页挂牌均价","0","https://m.gotohui.com/xiaoqu/1484547","聚汇数据建邺区小区房价列表 + 聚汇数据小区详情页","已抓取"
"gotohui-73980","盛世公馆","建邺","奥体","公开地址归并板块","建邺奥体","住宅","板塔结合","","公开源未提供洋房/小高层/高层等住宅形态，标记为待补充","","2012","聚汇数据小区详情页建筑年代","15735","聚汇数据小区详情页挂牌均价","聚汇数据小区详情页挂牌均价","0","https://m.gotohui.com/xiaoqu/73980","聚汇数据建邺区小区房价列表 + 聚汇数据小区详情页","已抓取"
"gotohui-1625888","世茂海峡城","建邺","","","","普通住宅","","","公开源未提供洋房/小高层/高层等住宅形态，标记为待补充","","2016","聚汇数据小区详情页建筑年代","39183","聚汇数据小区详情页挂牌均价","聚汇数据小区详情页挂牌均价","0","https://m.gotohui.com/xiaoqu/1625888","聚汇数据建邺区小区房价列表 + 聚汇数据小区详情页","已抓取"
"gotohui-715151","世茂天誉","建邺","河西中部","公开地址归并板块","建邺江东中路与集庆门大街交界处","普通住宅,酒店式公寓","塔楼","","公开源未提供洋房/小高层/高层等住宅形态，标记为待补充","","","","51809","聚汇数据小区详情页挂牌均价","聚汇数据小区详情页挂牌均价","0","https://m.gotohui.com/xiaoqu/715151","聚汇数据建邺区小区房价列表 + 聚汇数据小区详情页","已抓取"
"gotohui-68198","首创立方","建邺","","","建邺地铁二号线天迈广场油坊桥站","普通住宅,酒店式公寓","板楼","","公开源未提供洋房/小高层/高层等住宅形态，标记为待补充","","","","25150","聚汇数据小区详情页挂牌均价","聚汇数据小区详情页挂牌均价","0","https://m.gotohui.com/xiaoqu/68198","聚汇数据建邺区小区房价列表 + 聚汇数据小区详情页","已抓取"
"gotohui-71947","首创天迈广场","建邺","奥体","公开地址归并板块","建邺奥体","住宅","塔楼,板塔结合","","公开源未提供洋房/小高层/高层等住宅形态，标记为待补充","","2014","聚汇数据小区详情页建筑年代","17048","聚汇数据小区详情页挂牌均价","聚汇数据小区详情页挂牌均价","0","https://m.gotohui.com/xiaoqu/71947","聚汇数据建邺区小区房价列表 + 聚汇数据小区详情页","已抓取"
"gotohui-1626394","水西门大街57号小区","建邺","","","","普通住宅","","","公开源未提供洋房/小高层/高层等住宅形态，标记为待补充","","","","30153","聚汇数据小区详情页挂牌均价","聚汇数据小区详情页挂牌均价","0","https://m.gotohui.com/xiaoqu/1626394","聚汇数据建邺区小区房价列表 + 聚汇数据小区详情页","已抓取"
"gotohui-1626954","水西门大街95号","建邺","","","","普通住宅","","","公开源未提供洋房/小高层/高层等住宅形态，标记为待补充","","","","24064","聚汇数据小区详情页挂牌均价","聚汇数据小区详情页挂牌均价","0","https://m.gotohui.com/xiaoqu/1626954","聚汇数据建邺区小区房价列表 + 聚汇数据小区详情页","已抓取"
"gotohui-531287","宋都美域锦园","建邺","奥体","公开地址归并板块","南京建邺区恒山路139号","住宅","","","公开源未提供洋房/小高层/高层等住宅形态，标记为待补充","","","","48779","聚汇数据小区详情页挂牌均价","聚汇数据小区详情页挂牌均价","0","https://m.gotohui.com/xiaoqu/531287","聚汇数据建邺区小区房价列表 + 聚汇数据小区详情页","已抓取"
"gotohui-531235","苏宁滨江壹号","建邺","","","南京建邺区扬子江大道","住宅","多层|高层(3幢)","高层","公开详情页明确提供住宅形态字段","聚汇数据小区详情页建筑类型","2014","聚汇数据小区详情页建筑年代","39955","聚汇数据小区详情页挂牌均价","聚汇数据小区详情页挂牌均价","0","https://m.gotohui.com/xiaoqu/531235","聚汇数据建邺区小区房价列表 + 聚汇数据小区详情页","已抓取"
"gotohui-68792","苏宁睿城","建邺","河西中部","公开地址归并板块","建邺万达广场","住宅","板楼","","公开源未提供洋房/小高层/高层等住宅形态，标记为待补充","","2012","聚汇数据小区详情页建筑年代","52611","聚汇数据小区详情页挂牌均价","聚汇数据小区详情页挂牌均价","0","https://m.gotohui.com/xiaoqu/68792","聚汇数据建邺区小区房价列表 + 聚汇数据小区详情页","已抓取"
"gotohui-1626687","苏宁睿城二期","建邺","","","","普通住宅","","","公开源未提供洋房/小高层/高层等住宅形态，标记为待补充","","2013","聚汇数据小区详情页建筑年代","42305","聚汇数据小区详情页挂牌均价","聚汇数据小区详情页挂牌均价","0","https://m.gotohui.com/xiaoqu/1626687","聚汇数据建邺区小区房价列表 + 聚汇数据小区详情页","已抓取"
"gotohui-1626688","苏宁睿城一期","建邺","","","","普通住宅","","","公开源未提供洋房/小高层/高层等住宅形态，标记为待补充","","2013","聚汇数据小区详情页建筑年代","42555","聚汇数据小区详情页挂牌均价","聚汇数据小区详情页挂牌均价","0","https://m.gotohui.com/xiaoqu/1626688","聚汇数据建邺区小区房价列表 + 聚汇数据小区详情页","已抓取"
"gotohui-73781","天正滨江","建邺","兴隆","公开地址归并板块","建邺兴隆大街","住宅","板楼","","公开源未提供洋房/小高层/高层等住宅形态，标记为待补充","","2012","聚汇数据小区详情页建筑年代","49131","聚汇数据小区详情页挂牌均价","聚汇数据小区详情页挂牌均价","0","https://m.gotohui.com/xiaoqu/73781","聚汇数据建邺区小区房价列表 + 聚汇数据小区详情页","已抓取"
"gotohui-251327","万达金街","建邺","奥体","公开地址归并板块","建邺奥体","住宅","板塔结合","","公开源未提供洋房/小高层/高层等住宅形态，标记为待补充","","2010","聚汇数据小区详情页建筑年代","41214","聚汇数据小区详情页挂牌均价","聚汇数据小区详情页挂牌均价","0","https://m.gotohui.com/xiaoqu/251327","聚汇数据建邺区小区房价列表 + 聚汇数据小区详情页","已抓取"
"gotohui-327836","万科·金色家园","建邺","水西门","公开地址归并板块","南京建邺区莫愁湖东路1-11号","住宅","","","公开源未提供洋房/小高层/高层等住宅形态，标记为待补充","","","","","","暂无公开均价","0","https://m.gotohui.com/xiaoqu/327836","聚汇数据建邺区小区房价列表 + 聚汇数据小区详情页","已抓取"
"gotohui-1625884","万科翡翠滨江","建邺","","","","普通住宅","","","公开源未提供洋房/小高层/高层等住宅形态，标记为待补充","","","","63141","聚汇数据小区详情页挂牌均价","聚汇数据小区详情页挂牌均价","0","https://m.gotohui.com/xiaoqu/1625884","聚汇数据建邺区小区房价列表 + 聚汇数据小区详情页","已抓取"
"gotohui-251294","未来域","建邺","应天西路","公开地址归并板块","建邺应天西路","住宅","板塔结合","","公开源未提供洋房/小高层/高层等住宅形态，标记为待补充","","2010","聚汇数据小区详情页建筑年代","33796","聚汇数据小区详情页挂牌均价","聚汇数据小区详情页挂牌均价","0","https://m.gotohui.com/xiaoqu/251294","聚汇数据建邺区小区房价列表 + 聚汇数据小区详情页","已抓取"
"gotohui-68076","五矿崇文金城","建邺","奥体","公开地址归并板块","建邺奥南","住宅","板楼","","公开源未提供洋房/小高层/高层等住宅形态，标记为待补充","","2017","聚汇数据小区详情页建筑年代","38756","聚汇数据小区详情页挂牌均价","聚汇数据小区详情页挂牌均价","0","https://m.gotohui.com/xiaoqu/68076","聚汇数据建邺区小区房价列表 + 聚汇数据小区详情页","已抓取"
"gotohui-1625894","五矿御江金城商住楼","建邺","","","","普通住宅","","","公开源未提供洋房/小高层/高层等住宅形态，标记为待补充","","2012","聚汇数据小区详情页建筑年代","49364","聚汇数据小区详情页挂牌均价","聚汇数据小区详情页挂牌均价","0","https://m.gotohui.com/xiaoqu/1625894","聚汇数据建邺区小区房价列表 + 聚汇数据小区详情页","已抓取"
"gotohui-1626696","新安江街","建邺","","","","普通住宅","","","公开源未提供洋房/小高层/高层等住宅形态，标记为待补充","","2010","聚汇数据小区详情页建筑年代","25998","聚汇数据小区详情页挂牌均价","聚汇数据小区详情页挂牌均价","0","https://m.gotohui.com/xiaoqu/1626696","聚汇数据建邺区小区房价列表 + 聚汇数据小区详情页","已抓取"
"gotohui-531244","新城·逸境","建邺","水西门","公开地址归并板块","南京建邺区莫愁湖东路48号","住宅","","","公开源未提供洋房/小高层/高层等住宅形态，标记为待补充","","","","","","暂无公开均价","0","https://m.gotohui.com/xiaoqu/531244","聚汇数据建邺区小区房价列表 + 聚汇数据小区详情页","已抓取"
"gotohui-67986","星雨华府","建邺","河西中部","公开地址归并板块","建邺万达广场","住宅","板楼","","公开源未提供洋房/小高层/高层等住宅形态，标记为待补充","","2014","聚汇数据小区详情页建筑年代","49102","聚汇数据小区详情页挂牌均价","聚汇数据小区详情页挂牌均价","0","https://m.gotohui.com/xiaoqu/67986","聚汇数据建邺区小区房价列表 + 聚汇数据小区详情页","已抓取"
"gotohui-531251","兴宏园","建邺","兴隆","公开地址归并板块","南京建邺区兴隆大街","住宅","","","公开源未提供洋房/小高层/高层等住宅形态，标记为待补充","","","","","","暂无公开均价","0","https://m.gotohui.com/xiaoqu/531251","聚汇数据建邺区小区房价列表 + 聚汇数据小区详情页","已抓取"
"gotohui-1778041","颐和源璟","建邺","","","","普通住宅","","","公开源未提供洋房/小高层/高层等住宅形态，标记为待补充","","","","66918","聚汇数据小区详情页挂牌均价","聚汇数据小区详情页挂牌均价","0","https://m.gotohui.com/xiaoqu/1778041","聚汇数据建邺区小区房价列表 + 聚汇数据小区详情页","已抓取"
"gotohui-1626375","银城西堤坊","建邺","","","","普通住宅","","","公开源未提供洋房/小高层/高层等住宅形态，标记为待补充","","2010","聚汇数据小区详情页建筑年代","47019","聚汇数据小区详情页挂牌均价","聚汇数据小区详情页挂牌均价","0","https://m.gotohui.com/xiaoqu/1626375","聚汇数据建邺区小区房价列表 + 聚汇数据小区详情页","已抓取"
"gotohui-531097","银城西堤国际·西堤坊","建邺","奥体","公开地址归并板块","南京建邺区恒山路128号","住宅","高层","高层","公开详情页明确提供住宅形态字段","聚汇数据小区详情页建筑类型","2010","聚汇数据小区详情页建筑年代","","","暂无公开均价","0","https://m.gotohui.com/xiaoqu/531097","聚汇数据建邺区小区房价列表 + 聚汇数据小区详情页","已抓取"
"gotohui-1528359","银城西堤国际第二区","建邺","奥体","公开地址归并板块","建邺奥体","住宅","","","公开源未提供洋房/小高层/高层等住宅形态，标记为待补充","","","","50328","聚汇数据小区详情页挂牌均价","聚汇数据小区详情页挂牌均价","0","https://m.gotohui.com/xiaoqu/1528359","聚汇数据建邺区小区房价列表 + 聚汇数据小区详情页","已抓取"
"gotohui-1528357","银城西堤国际第六区","建邺","奥体","公开地址归并板块","建邺奥体","住宅","","","公开源未提供洋房/小高层/高层等住宅形态，标记为待补充","","","","53322","聚汇数据小区详情页挂牌均价","聚汇数据小区详情页挂牌均价","0","https://m.gotohui.com/xiaoqu/1528357","聚汇数据建邺区小区房价列表 + 聚汇数据小区详情页","已抓取"
"gotohui-1149331","银城西堤国际第三区","建邺","奥体","公开地址归并板块","建邺奥体","住宅","","","公开源未提供洋房/小高层/高层等住宅形态，标记为待补充","","","","51002","聚汇数据小区详情页挂牌均价","聚汇数据小区详情页挂牌均价","0","https://m.gotohui.com/xiaoqu/1149331","聚汇数据建邺区小区房价列表 + 聚汇数据小区详情页","已抓取"
"gotohui-1626392","银城西堤国际第四区","建邺","","","","小区","","","公开源未提供洋房/小高层/高层等住宅形态，标记为待补充","","","","55167","聚汇数据小区详情页挂牌均价","聚汇数据小区详情页挂牌均价","0","https://m.gotohui.com/xiaoqu/1626392","聚汇数据建邺区小区房价列表 + 聚汇数据小区详情页","已抓取"
"gotohui-1529109","银城西堤国际第五区","建邺","奥体","公开地址归并板块","建邺奥体","住宅","","","公开源未提供洋房/小高层/高层等住宅形态，标记为待补充","","","","52221","聚汇数据小区详情页挂牌均价","聚汇数据小区详情页挂牌均价","0","https://m.gotohui.com/xiaoqu/1529109","聚汇数据建邺区小区房价列表 + 聚汇数据小区详情页","已抓取"
"gotohui-1486618","银城西堤国际第一区","建邺","奥体","公开地址归并板块","建邺奥体","住宅","","","公开源未提供洋房/小高层/高层等住宅形态，标记为待补充","","","","47508","聚汇数据小区详情页挂牌均价","聚汇数据小区详情页挂牌均价","0","https://m.gotohui.com/xiaoqu/1486618","聚汇数据建邺区小区房价列表 + 聚汇数据小区详情页","已抓取"
"gotohui-71299","银城长岛观澜","建邺","江心洲","公开地址归并板块","建邺江心洲","住宅","板楼","","公开源未提供洋房/小高层/高层等住宅形态，标记为待补充","","2015","聚汇数据小区详情页建筑年代","51964","聚汇数据小区详情页挂牌均价","聚汇数据小区详情页挂牌均价","0","https://m.gotohui.com/xiaoqu/71299","聚汇数据建邺区小区房价列表 + 聚汇数据小区详情页","已抓取"
"gotohui-1484483","银都商厦","建邺","水西门","公开地址归并板块","建邺水西门","住宅","板塔结合","","公开源未提供洋房/小高层/高层等住宅形态，标记为待补充","","","","32828","聚汇数据小区详情页挂牌均价","聚汇数据小区详情页挂牌均价","0","https://m.gotohui.com/xiaoqu/1484483","聚汇数据建邺区小区房价列表 + 聚汇数据小区详情页","已抓取"
"gotohui-330412","银河湾·福苑","建邺","","","南京建邺区云锦路","住宅","高层","高层","公开详情页明确提供住宅形态字段","聚汇数据小区详情页建筑类型","2010","聚汇数据小区详情页建筑年代","","","暂无公开均价","0","https://m.gotohui.com/xiaoqu/330412","聚汇数据建邺区小区房价列表 + 聚汇数据小区详情页","已抓取"
"gotohui-327507","迎宾村小区","建邺","","","","小区","","","公开源未提供洋房/小高层/高层等住宅形态，标记为待补充","","","","","","暂无公开均价","0","https://m.gotohui.com/xiaoqu/327507","聚汇数据建邺区小区房价列表 + 聚汇数据小区详情页","已抓取"
"gotohui-1625306","鱼嘴金茂悦","建邺","","","","普通住宅","","","公开源未提供洋房/小高层/高层等住宅形态，标记为待补充","","","","43762","聚汇数据小区详情页挂牌均价","聚汇数据小区详情页挂牌均价","0","https://m.gotohui.com/xiaoqu/1625306","聚汇数据建邺区小区房价列表 + 聚汇数据小区详情页","已抓取"
"gotohui-1548731","鱼嘴润府","建邺","河西南部","公开地址归并板块","建邺高庙路与保双街交叉路口","普通住宅","板楼","","公开源未提供洋房/小高层/高层等住宅形态，标记为待补充","","","","52219","聚汇数据小区详情页挂牌均价","聚汇数据小区详情页挂牌均价","0","https://m.gotohui.com/xiaoqu/1548731","聚汇数据建邺区小区房价列表 + 聚汇数据小区详情页","已抓取"
"gotohui-15409","雨润国际广场","建邺","奥体","公开地址归并板块","建邺奥体","住宅","板楼","","公开源未提供洋房/小高层/高层等住宅形态，标记为待补充","","2014","聚汇数据小区详情页建筑年代","42001","聚汇数据小区详情页挂牌均价","聚汇数据小区详情页挂牌均价","0","https://m.gotohui.com/xiaoqu/15409","聚汇数据建邺区小区房价列表 + 聚汇数据小区详情页","已抓取"
"gotohui-531283","育英小区","建邺","南湖","公开地址归并板块","南京建邺区南湖东路","住宅","","","公开源未提供洋房/小高层/高层等住宅形态，标记为待补充","","","","","","暂无公开均价","0","https://m.gotohui.com/xiaoqu/531283","聚汇数据建邺区小区房价列表 + 聚汇数据小区详情页","已抓取"
"gotohui-70793","御江金城","建邺","奥体","公开地址归并板块","建邺奥体","住宅","板楼","","公开源未提供洋房/小高层/高层等住宅形态，标记为待补充","","2012","聚汇数据小区详情页建筑年代","49332","聚汇数据小区详情页挂牌均价","聚汇数据小区详情页挂牌均价","0","https://m.gotohui.com/xiaoqu/70793","聚汇数据建邺区小区房价列表 + 聚汇数据小区详情页","已抓取"
"gotohui-531174","云河湾花园","建邺","河西中部","公开地址归并板块","南京建邺区集庆门大街36号","酒店式公寓住宅","","","公开源未提供洋房/小高层/高层等住宅形态，标记为待补充","","","","","","暂无公开均价","0","https://m.gotohui.com/xiaoqu/531174","聚汇数据建邺区小区房价列表 + 聚汇数据小区详情页","已抓取"
"gotohui-1625896","云际花园","建邺","","","","普通住宅","","","公开源未提供洋房/小高层/高层等住宅形态，标记为待补充","","","","55606","聚汇数据小区详情页挂牌均价","聚汇数据小区详情页挂牌均价","0","https://m.gotohui.com/xiaoqu/1625896","聚汇数据建邺区小区房价列表 + 聚汇数据小区详情页","已抓取"
"gotohui-330260","长发都市蓝瑟","建邺","","","南京建邺区江东路","酒店式公寓住宅","高层(1幢)","高层","公开详情页明确提供住宅形态字段","聚汇数据小区详情页建筑类型","2012","聚汇数据小区详情页建筑年代","","","暂无公开均价","0","https://m.gotohui.com/xiaoqu/330260","聚汇数据建邺区小区房价列表 + 聚汇数据小区详情页","已抓取"
"gotohui-68660","长发蓝瑟公寓","建邺","河西中部","公开地址归并板块","建邺万达广场","住宅","塔楼","","公开源未提供洋房/小高层/高层等住宅形态，标记为待补充","","2016","聚汇数据小区详情页建筑年代","59385","聚汇数据小区详情页挂牌均价","聚汇数据小区详情页挂牌均价","0","https://m.gotohui.com/xiaoqu/68660","聚汇数据建邺区小区房价列表 + 聚汇数据小区详情页","已抓取"
"gotohui-530916","长虹路109号小区","建邺","水西门","公开地址归并板块","南京建邺区长虹路109号","住宅","","","公开源未提供洋房/小高层/高层等住宅形态，标记为待补充","","","","","","暂无公开均价","0","https://m.gotohui.com/xiaoqu/530916","聚汇数据建邺区小区房价列表 + 聚汇数据小区详情页","已抓取"
"gotohui-1626396","长虹路131号小区","建邺","","","","普通住宅","","","公开源未提供洋房/小高层/高层等住宅形态，标记为待补充","","","","29850","聚汇数据小区详情页挂牌均价","聚汇数据小区详情页挂牌均价","0","https://m.gotohui.com/xiaoqu/1626396","聚汇数据建邺区小区房价列表 + 聚汇数据小区详情页","已抓取"
"gotohui-73992","招商雍和府","建邺","奥体","公开地址归并板块","建邺奥南","住宅","板楼,塔楼","","公开源未提供洋房/小高层/高层等住宅形态，标记为待补充","","2017","聚汇数据小区详情页建筑年代","40209","聚汇数据小区详情页挂牌均价","聚汇数据小区详情页挂牌均价","0","https://m.gotohui.com/xiaoqu/73992","聚汇数据建邺区小区房价列表 + 聚汇数据小区详情页","已抓取"
"gotohui-70809","招商雍华府","建邺","兴隆","公开地址归并板块","建邺兴隆大街","住宅","板楼","","公开源未提供洋房/小高层/高层等住宅形态，标记为待补充","","2015","聚汇数据小区详情页建筑年代","48480","聚汇数据小区详情页挂牌均价","聚汇数据小区详情页挂牌均价","0","https://m.gotohui.com/xiaoqu/70809","聚汇数据建邺区小区房价列表 + 聚汇数据小区详情页","已抓取"
"gotohui-1625318","正荣滨江紫阙","建邺","","","","普通住宅","","","公开源未提供洋房/小高层/高层等住宅形态，标记为待补充","","2017","聚汇数据小区详情页建筑年代","55254","聚汇数据小区详情页挂牌均价","聚汇数据小区详情页挂牌均价","0","https://m.gotohui.com/xiaoqu/1625318","聚汇数据建邺区小区房价列表 + 聚汇数据小区详情页","已抓取"
"gotohui-68924","正荣润峯","建邺","奥体","公开地址归并板块","建邺奥南","住宅","板楼","","公开源未提供洋房/小高层/高层等住宅形态，标记为待补充","","2017","聚汇数据小区详情页建筑年代","49161","聚汇数据小区详情页挂牌均价","聚汇数据小区详情页挂牌均价","0","https://m.gotohui.com/xiaoqu/68924","聚汇数据建邺区小区房价列表 + 聚汇数据小区详情页","已抓取"
"gotohui-835327","正荣中心天寓","建邺","河西南部","公开地址归并板块","建邺江东南路与吴侯街交汇处","普通住宅,标准写字楼,酒店写字楼,酒店式公寓","","","公开源未提供洋房/小高层/高层等住宅形态，标记为待补充","","","","24484","聚汇数据小区详情页挂牌均价","聚汇数据小区详情页挂牌均价","0","https://m.gotohui.com/xiaoqu/835327","聚汇数据建邺区小区房价列表 + 聚汇数据小区详情页","已抓取"
"gotohui-1559817","正太中心","建邺","奥体","公开地址归并板块","建邺南京市建邺区新安江街和泰山路交汇处","酒店写字楼","","","公开源未提供洋房/小高层/高层等住宅形态，标记为待补充","","","","20044","聚汇数据小区详情页挂牌均价","聚汇数据小区详情页挂牌均价","0","https://m.gotohui.com/xiaoqu/1559817","聚汇数据建邺区小区房价列表 + 聚汇数据小区详情页","已抓取"
"gotohui-330487","中北·品尚","建邺","","","","小区","","","公开源未提供洋房/小高层/高层等住宅形态，标记为待补充","","","","","","暂无公开均价","0","https://m.gotohui.com/xiaoqu/330487","聚汇数据建邺区小区房价列表 + 聚汇数据小区详情页","已抓取"
"gotohui-330396","中海·塞纳丽舍东苑","建邺","","","","小区","","","公开源未提供洋房/小高层/高层等住宅形态，标记为待补充","","","","","","暂无公开均价","0","https://m.gotohui.com/xiaoqu/330396","聚汇数据建邺区小区房价列表 + 聚汇数据小区详情页","已抓取"
"gotohui-250748","中和村经济适用房","建邺","奥体","公开地址归并板块","建邺奥体","住宅","板楼","","公开源未提供洋房/小高层/高层等住宅形态，标记为待补充","","2015","聚汇数据小区详情页建筑年代","21138","聚汇数据小区详情页挂牌均价","聚汇数据小区详情页挂牌均价","0","https://m.gotohui.com/xiaoqu/250748","聚汇数据建邺区小区房价列表 + 聚汇数据小区详情页","已抓取"
"gotohui-69573","钟鼎雅居","建邺","奥体","公开地址归并板块","建邺奥体","住宅","板楼","","公开源未提供洋房/小高层/高层等住宅形态，标记为待补充","","2013","聚汇数据小区详情页建筑年代","40492","聚汇数据小区详情页挂牌均价","聚汇数据小区详情页挂牌均价","0","https://m.gotohui.com/xiaoqu/69573","聚汇数据建邺区小区房价列表 + 聚汇数据小区详情页","已抓取"
"gotohui-1626698","洲岛和园","建邺","","","","普通住宅","","","公开源未提供洋房/小高层/高层等住宅形态，标记为待补充","","2018","聚汇数据小区详情页建筑年代","19717","聚汇数据小区详情页挂牌均价","聚汇数据小区详情页挂牌均价","0","https://m.gotohui.com/xiaoqu/1626698","聚汇数据建邺区小区房价列表 + 聚汇数据小区详情页","已抓取"
"gotohui-1625882","洲岛和园和乐苑","建邺","","","","普通住宅","","","公开源未提供洋房/小高层/高层等住宅形态，标记为待补充","","2015","聚汇数据小区详情页建筑年代","19565","聚汇数据小区详情页挂牌均价","聚汇数据小区详情页挂牌均价","0","https://m.gotohui.com/xiaoqu/1625882","聚汇数据建邺区小区房价列表 + 聚汇数据小区详情页","已抓取"
"gotohui-1625880","洲岛和园和睦苑","建邺","","","","普通住宅","","","公开源未提供洋房/小高层/高层等住宅形态，标记为待补充","","2015","聚汇数据小区详情页建筑年代","19922","聚汇数据小区详情页挂牌均价","聚汇数据小区详情页挂牌均价","0","https://m.gotohui.com/xiaoqu/1625880","聚汇数据建邺区小区房价列表 + 聚汇数据小区详情页","已抓取"
"gotohui-69856","洲岛家园","建邺","江心洲","公开地址归并板块","建邺江心洲","住宅","板塔结合","","公开源未提供洋房/小高层/高层等住宅形态，标记为待补充","","","","62655","聚汇数据小区详情页挂牌均价","聚汇数据小区详情页挂牌均价","0","https://m.gotohui.com/xiaoqu/69856","聚汇数据建邺区小区房价列表 + 聚汇数据小区详情页","已抓取"
"gotohui-1254457","洲岛家园悦江苑","建邺","","","","住宅","高层","高层","公开详情页明确提供住宅形态字段","聚汇数据小区详情页建筑类型","2017","聚汇数据小区详情页建筑年代","","","暂无公开均价","0","https://m.gotohui.com/xiaoqu/1254457","聚汇数据建邺区小区房价列表 + 聚汇数据小区详情页","已抓取"
"gotohui-1152498","紫辉时代广场","建邺","奥体","公开地址归并板块","建邺江东中路与梦都大街交汇处北侧","酒店式公寓","塔楼","","公开源未提供洋房/小高层/高层等住宅形态，标记为待补充","","","","42907","聚汇数据小区详情页挂牌均价","聚汇数据小区详情页挂牌均价","0","https://m.gotohui.com/xiaoqu/1152498","聚汇数据建邺区小区房价列表 + 聚汇数据小区详情页","已抓取"
"gotohui-161772","紫金西城中心","建邺","奥体","公开地址归并板块","建邺奥体","住宅","板塔结合","","公开源未提供洋房/小高层/高层等住宅形态，标记为待补充","","","","47338","聚汇数据小区详情页挂牌均价","聚汇数据小区详情页挂牌均价","0","https://m.gotohui.com/xiaoqu/161772","聚汇数据建邺区小区房价列表 + 聚汇数据小区详情页","已抓取"
